Course Name,Provider,Skills,Rating,Total Reviews,Level,Duration
Google Data Analytics,Google,"Data
 Storytelling, Rmarkdown, Data Literacy, Data Visualization, Data 
Presentation, Data Ethics, Data Cleansing, Interactive Data 
Visualization, Data Validation, Ggplot2, Tableau Software, Sampling 
(Statistics), Presentations, Spreadsheet Software, Data Analysis, Data 
Visualization Software, Stakeholder Communications, Data Processing, 
Interviewing Skills, Applicant Tracking Systems",4.8,173K reviews,Beginner,3 - 6 Months
Google Cybersecurity,Google,"Threat
 Modeling, Network Security, Incident Response, Vulnerability 
Management, Computer Security Incident Management, Hardening, Intrusion 
Detection and Prevention, Cyber Threat Intelligence, Threat Management, 
Cyber Attacks, Cybersecurity, Network Protocols, Cloud Security, 
Vulnerability Assessments, Bash (Scripting Language), Debugging, Linux, 
Interviewing Skills, Python Programming, SQL",4.8,56K reviews,Beginner,3 - 6 Months
Google Project Management:,Google,"Quality
 Management, Project Management Life Cycle, Requirements Analysis, 
Project Scoping, Project Closure, Project Management, Project Planning, 
Agile Project Management, Continuous Improvement Process, Project 
Controls, Backlogs, Stakeholder Communications, Milestones (Project 
Management), Quality Assessment, Team Management, Agile Methodology, 
Project Documentation, Change Management, Interviewing Skills, Applicant
 Tracking Systems",4.8,134K reviews,Beginner,3 - 6 Months
Google Digital Marketing & E-commerce,Google,"Data
 Storytelling, Search Engine Marketing, Media Planning, Social Media 
Marketing, Google Ads, Email Marketing, Social Media Strategy, Search 
Engine Optimization, Order Fulfillment, Social Media Management, 
Performance Measurement, Spreadsheet Software, A/B Testing, Customer 
Relationship Management, E-Commerce, Campaign Management, Loyalty 
Programs, Marketing, Interviewing Skills, Applicant Tracking Systems",4.8,43K reviews,Beginner,3 - 6 Months
Google IT Support,Google,"Computer
 Networking, Package and Software Management, Network Troubleshooting, 
Systems Administration, Cloud Infrastructure, IT Infrastructure, 
Information Systems Security, TCP/IP, Network Security, File Systems, 
Microsoft Windows, Computer Security, Network Architecture, Application 
Security, Desktop Support, Computer Hardware, Technical Support, 
Interviewing Skills, Applicant Tracking Systems, Professional 
Development",4.8,206K reviews,Beginner,3 - 6 Months
Google UX Design,Google,"Responsive
 Web Design, Storyboarding, Wireframing, User Experience Design, UI/UX 
Research, Usability Testing, Information Architecture, Presentations, 
User Research, Figma (Design Software), Design Reviews, Persona (User 
Experience), Web Content Accessibility Guidelines, Mobile Development, 
User Story, Cross Platform Development, Data Ethics, Usability, 
Interviewing Skills, Applicant Tracking Systems",4.8,93K reviews,Beginner,3 - 6 Months
IBM Generative AI Engineering,IBM,"Exploratory
 Data Analysis, Prompt Engineering, Data Wrangling, Large Language 
Modeling, Unsupervised Learning, PyTorch (Machine Learning Library), 
Generative AI, ChatGPT, Supervised Learning, Keras (Neural Network 
Library), Data Transformation, Flask (Web Framework), Feature 
Engineering, Data Analysis, Data Cleansing, Data Manipulation, Unit 
Testing, Deep Learning, Predictive Modeling, Data Import/Export",4.6,91K reviews,Beginner,3 - 6 Months
IBM Data Analyst,IBM,"Exploratory
 Data Analysis, Data Storytelling, Data Wrangling, Dashboard, Data 
Visualization Software, Plotly, Data Visualization, SQL, Generative AI, 
Interactive Data Visualization, Data Transformation, Data Analysis, Data
 Cleansing, Big Data, IBM Cognos Analytics, Excel Formulas, Professional
 Networking, Data Import/Export, Microsoft Excel, Python Programming",4.6,94K reviews,Beginner,3 - 6 Months
IBM Data Science,IBM,"Exploratory
 Data Analysis, Data Wrangling, Dashboard, Data Visualization Software, 
Data Visualization, SQL, Unsupervised Learning, Plotly, Interactive Data
 Visualization, Supervised Learning, Data Transformation, Feature 
Engineering, Jupyter, Data Analysis, Data Cleansing, Data Manipulation, 
Data Literacy, Generative AI, Professional Networking, Data 
Import/Export",4.6,146K reviews,Beginner,3 - 6 Months
Google Advanced Data Analytics,Google,"Data
 Storytelling, Data Visualization, Data Ethics, Exploratory Data 
Analysis, Sampling (Statistics), Data Presentation, Data Visualization 
Software, Feature Engineering, Regression Analysis, Descriptive 
Statistics, Statistical Hypothesis Testing, Advanced Analytics, Data 
Analysis, Tableau Software, Data Science, Statistical Analysis, Machine 
Learning, Object Oriented Programming (OOP), Interviewing Skills, Python
 Programming",4.7,8K reviews,Advanced,3 - 6 Months
IBM AI Developer,IBM,"Prompt
 Engineering, Software Development Life Cycle, Large Language Modeling, 
Software Architecture, Responsive Web Design, ChatGPT, Flask (Web 
Framework), Generative AI, Software Design, Cascading Style Sheets 
(CSS), Unit Testing, Scrum (Software Development), Software Engineering,
 Agile Methodology, Web Development, Data Import/Export, Python 
Programming, Engineering Software, Machine Learning, Data Science",4.6,74K reviews,Beginner,3 - 6 Months
Google IT Automation with Python,Google,"Git
 (Version Control System), GitHub, Version Control, Cloud Services, 
Debugging, Puppet (Configuration Management Tool), Infrastructure as 
Code (IaC), Bash (Scripting Language), CI/CD, Cloud Computing, Technical
 Communication, Unit Testing, Web Services, Configuration Management, 
Scripting, Automation, Python Programming, Interviewing Skills, 
Applicant Tracking Systems, Programming Principles",4.8,50K reviews,Advanced,3 - 6 Months
Google Business Intelligence,Google,"Data
 Modeling, Stakeholder Engagement, Database Design, Dashboard, Business 
Intelligence, Extract, Transform, Load, Tableau Software, Data 
Warehousing, Stakeholder Communications, Data Pipelines, Interactive 
Data Visualization, Data Integrity, Data Visualization, Interviewing 
Skills, Applicant Tracking Systems, Business Process, Business Analysis,
 Professional Development, Data Analysis, SQL",4.8,4.4K reviews,Advanced,3 - 6 Months
IBM AI Product Manager,IBM,"Prompt
 Engineering, Generative AI, New Product Development, Product 
Management, Product Lifecycle Management, Product Development, 
Innovation, Product Roadmaps, ChatGPT, Product Planning, 
Commercialization, Artificial Intelligence, Product Strategy, Project 
Management Life Cycle, OpenAI, Stakeholder Engagement, Stakeholder 
Management, Competitive Analysis, Product Testing, Business Development",4.7,29K reviews,Beginner,3 - 6 Months
Microsoft Power BI Data Analyst,Microsoft,"Power
 BI, Microsoft Excel, Data Analysis, Data Visualization, Data Storage, 
Data Collection, Data Quality, Business Intelligence, Timelines, 
Microsoft Power Platform, Advanced Analytics, Database Design, 
Statistical Reporting, Statistical Visualization, Analytical Skills, 
Data Integration, Data Storage Technologies, SQL, Data Manipulation, 
Microsoft SQL Servers",4.6,8K reviews,Beginner,3 - 6 Months
IBM Full Stack Software Developer,IBM,"Prompt
 Engineering, Istio, Node.JS, Software Development Life Cycle, Software 
Architecture, Kubernetes, Cloud Computing Architecture, Server Side, 
Application Deployment, React Redux, Cloud Services, Responsive Web 
Design, Django (Web Framework), Object-Relational Mapping, Git (Version 
Control System), Flask (Web Framework), Full-Stack Web Development, 
Cloud Computing, Data Import/Export, Engineering Software",4.6,57K reviews,Beginner,3 - 6 Months
IBM DevOps and Software Engineering,IBM,"CI/
CD, Istio, Open Web Application Security Project (OWASP), Continuous 
Integration, Software Development Life Cycle, Software Architecture, 
Linux Commands, Agile Software Development, Kubernetes, Cloud Computing 
Architecture, Application Deployment, Test Driven Development (TDD), 
Gherkin (Scripting Language), Git (Version Control System), Flask (Web 
Framework), DevOps, Grafana, Software Engineering, Data Import/Export, 
Application Development",4.6,62K reviews,Beginner,3 - 6 Months
IBM Data Analytics with Excel and R,IBM,"Data
 Storytelling, Interactive Data Visualization, Data Visualization 
Software, Data Visualization, Shiny (R Package), Data Wrangling, 
Exploratory Data Analysis, Relational Databases, Big Data, Ggplot2, 
Database Design, Data Analysis, IBM Cognos Analytics, Data Presentation,
 Data Mining, Dashboard, Excel Formulas, Data Manipulation, Web 
Scraping, Microsoft Excel",4.7,30K reviews,Beginner,3 - 6 Months
IBM Back-End Development,IBM,"Istio,
 Open Web Application Security Project (OWASP), Software Development 
Life Cycle, Software Architecture, Linux Commands, Kubernetes, 
Application Deployment, NoSQL, Bash (Scripting Language), MongoDB, Shell
 Script, Django (Web Framework), Object-Relational Mapping, Cloud-Native
 Computing, Git (Version Control System), Flask (Web Framework), 
Grafana, Microservices, Data Import/Export, Python Programming",4.6,50K reviews,Beginner,3 - 6 Months
IBM Data Engineering,IBM,"NoSQL,
 Data Warehousing, SQL, Apache Hadoop, Extract, Transform, Load, Apache 
Airflow, Web Scraping, Linux Commands, Database Design, IBM Cognos 
Analytics, MySQL, Apache Spark, Database Administration, Data Store, 
Generative AI, Professional Networking, Data Import/Export, Python 
Programming, Data Analysis, Data Science",4.6,60K reviews,Beginner,3 - 6 Months
IBM Relational Database Administrator,IBM,"Data
 Engineering, Data Warehousing, SQL, Extract, Transform, Load, Apache 
Airflow, Web Scraping, Linux Commands, Database Design, Database 
Administration, MySQL, Data Pipelines, Apache Kafka, Database 
Management, Bash (Scripting Language), Shell Script, Database 
Architecture and Administration, Data Store, Generative AI, Data 
Import/Export, Data Security",4.6,59K reviews,Intermediate,3 - 6 Months
IBM AI Engineering,IBM,"Prompt
 Engineering, Large Language Modeling, PyTorch (Machine Learning 
Library), Unsupervised Learning, Generative AI, Supervised Learning, 
Keras (Neural Network Library), Feature Engineering, Deep Learning, 
Reinforcement Learning, Generative AI Agents, Applied Machine Learning, 
Natural Language Processing, Tensorflow, Artificial Neural Networks, 
OpenAI, Artificial Intelligence and Machine Learning (AI/ML), Machine 
Learning, Python Programming, Data Science",4.6,21K reviews,Intermediate,3 - 6 Months
IBM Data Management,IBM,"Dashboard,
 Data Storytelling, Data Warehousing, SQL, Data Visualization, Data 
Security, Data Migration, Database Design, Data Governance, MySQL, 
Descriptive Statistics, Extract, Transform, Load, Data Store, Data 
Management, Relational Databases, Databases, Exploratory Data Analysis, 
Data Architecture, Excel Formulas, Business Intelligence",4.7,17K reviews,Beginner,3 - 6 Months
IBM Business Analyst,IBM,"Data
 Storytelling, Risk Mitigation, Business Analysis, Business Process 
Modeling, Risk Analysis, Process Mapping, Process Optimization, Data 
Visualization, Requirements Management, Prompt Engineering, Risk 
Management, Business Requirements, Stakeholder Management, Work 
Breakdown Structure, Digital Transformation, Stakeholder Engagement, 
Excel Formulas, Microsoft Excel, Business Analytics, Process Analysis",4.7,13K reviews,Beginner,3 - 6 Months
